<?xml version="1.0"?>
<doc>
    <assembly>
        <name>Flow.Launcher.Plugin.Shodan</name>
    </assembly>
    <members>
        <member name="T:Flow.Launcher.Plugin.Shodan.ShodanSettingsPanel">
            <summary>
            ShodanSettingsPanel
            </summary>
        </member>
        <member name="M:Flow.Launcher.Plugin.Shodan.ShodanSettingsPanel.InitializeComponent">
            <summary>
            InitializeComponent
            </summary>
        </member>
    </members>
</doc>
